Sample	4gxy
Gibb's Free Energy	73.49107647461703
Run	2023-01-18	15:25:07.154961
